ImpactType,WageAndSalaryEmployment,ProprietorEmployment,Wages_and_Salary,Value_Added,Output
Direct,2940624.2394110737,373160.1465486103,143715061005.1893,293337830861.634,509807134773.1403
Indirect,716563.8452073917,378530.0307080734,69803912484.28972,161302372011.37402,308165799799.04407
Induced,590621.5043900406,254310.5040656289,44436265402.37128,115695171953.66573,179036796814.99484
