ImpactType,WageAndSalaryEmployment,ProprietorEmployment,Wages_and_Salary,Value_Added,Output
Direct,1838885.4891192927,240716.10725881532,91075920942.18207,191278853856.5207,335629067634.1152
Indirect,479303.7979338893,258707.81266460527,46630510612.970825,107295490071.68498,206020596080.48578
Induced,387910.16377036716,176944.0443294459,28770555791.852936,75916049716.03468,119183364795.2457
