ImpactType,WageAndSalaryEmployment,ProprietorEmployment,Wages_and_Salary,Value_Added,Output
Direct,3796673.3686501035,491224.1138323266,192976019952.84607,439141588964.91925,736786171203.7137
Indirect,986219.0519440433,507334.7608644268,97791086812.97614,221792239903.63943,420950747440.9199
Induced,845547.9611428973,358301.0995945359,62257517354.77136,162990631398.68362,253055672721.5039
